topic,skill,details,start,projects,company
languages,Python,"Polars, Streamlit, Plotly, LetsPlot, Pandas",2023-09-15,Data Informed Resumes,EventX Developers
languages,R,"dplyr, ggplot2, lubridate, purrr, furrr",2023-01-15,Null,Null
languages,SQL,"Spark, Postgres",2022-09-10,Data Informed Resumes,EventX Developers
leadership,Team Management,"Consulting, Team Lead, Project Management, Teacher",2020-09-10,Null,Null
leadership,Product Design,"Course developer, Design Thinking, Software Design",2020-09-10,Null,Null
